index_value,mean_quantity,median_quantity
436.447009716511,164693.27911652543,377.35
