metric,value
sharpe,1.230964950735992
sortino,10134.980383618196
max_drawdown,-0.9999675151130479
