metric,value
sharpe,0.20994402725068625
sortino,0.31397602202835995
max_drawdown,-0.20230445380013307
