metric,value
sharpe,0.9452758472807816
sortino,15906.768888994971
max_drawdown,-0.999960231406962
