metric,value
sharpe,3.3774859243816473
sortino,34962.1861520572
max_drawdown,-0.999988065891109
