index_value,mean_quantity,median_quantity
1504.6347348252286,582903.0194449676,387.405
