metric,value
sharpe,1.033301860261124
sortino,17528.420881718423
max_drawdown,-0.9999604506616346
