metric,value
sharpe,3.027074265037735
sortino,49733.15695243517
max_drawdown,-0.9999902934594357
