asset_type,order_type,operations,quantity,total_fiat,total_fees
USDT,Sell,525,154011.05,3718772.31,223.44
USDT,Buy,420,120925.41,2197771.9,200.25
BUSD,Buy,16,129372301.309,65969.64,253273.07799999998
BTC,Buy,5,12415.609999999999,2131.91,774.373
ETH,Buy,2,37661.814,376.61,105.452
